{
  "project_info": {
    "project_number": "239059421219",
    "firebase_url": "https://antirrobo-vehiculos.firebaseio.com",
    "project_id": "antirrobo-vehiculos",
    "storage_bucket": "antirrobo-vehiculos.appspot.com"
  },
  "client": [
    {
      "client_info": {
        "mobilesdk_app_id": "1:239059421219:android:486fac11684fdaa6",
        "android_client_info": {
          "package_name": "es.gpsou.antirrobo"
        }
      },
      "oauth_client": [
        {
          "client_id": "239059421219-4pfe2g07smk5om9io9p1jrpgvua9jm7b.apps.googleusercontent.com",
          "client_type": 1,
          "android_info": {
            "package_name": "es.gpsou.antirrobo",
            "certificate_hash": "ffebf80388ba619eedf9b2a7b40264dbd1e5de92"
          }
        },
        {
          "client_id": "239059421219-p7c6640btghi78704r53sdo1njk8jrf1.apps.googleusercontent.com",
          "client_type": 3
        }
      ],
      "api_key": [
        {
          "current_key": "AIzaSyAYBOjJ7104HUzP8PA9-_iibkMW75vYasY"
        }
      ],
      "services": {
        "appinvite_service": {
          "other_platform_oauth_client": [
            {
              "client_id": "239059421219-p7c6640btghi78704r53sdo1njk8jrf1.apps.googleusercontent.com",
              "client_type": 3
            }
          ]
        }
      }
    }
  ],
  "configuration_version": "1"
}